link,title,logo_img,company_name,model_count
https://autos.maxabout.com/cars/acura,Acura Cars,https://ic1.maxabout.us//autos/cars_india/company-logos/acura-73.jpg/,Acura,1
https://autos.maxabout.com/cars/alfa-romeo,Alfa Romeo Cars,https://ic1.maxabout.us//autos/cars_india/company-logos/alfa-romeo-34.jpg/,Alfa Romeo,6
https://autos.maxabout.com/cars/apollo,Apollo Cars,https://ic1.maxabout.us//autos/cars_india/company-logos/gumpert-77.jpg/,Apollo,2
https://autos.maxabout.com/cars/arash,Arash Cars,https://ic1.maxabout.us//autos/cars_india/company-logos/arash-62.jpg/,Arash,1
https://autos.maxabout.com/cars/ariel,Ariel Cars,https://ic1.maxabout.us//autos/cars_india/company-logos/ariel-81.jpg/,Ariel,1
https://autos.maxabout.com/cars/ashok-leyland,Ashok Leyland Cars,https://ic1.maxabout.us//autos/cars_india/company-logos/ashok-leyland-83.jpg/,Ashok Leyland,6
https://autos.maxabout.com/cars/aston-martin,Aston Martin Cars,https://ic1.maxabout.us//autos/cars_india/company-logos//A/2014/10/aston-martin-logo.jpg/,Aston Martin,12
https://autos.maxabout.com/cars/audi,Audi Cars,https://ic1.maxabout.us//autos/cars_india/company-logos/audi-1.jpg/,Audi,52
https://autos.maxabout.com/cars/bajaj,Bajaj Cars,https://ic1.maxabout.us//autos/cars_india/company-logos//B/2015/9/bajaj-qute-logo-new.jpg/,Bajaj,2
https://autos.maxabout.com/cars/bavina,Bavina Cars,https://ic1.maxabout.us//autos/cars_india/company-logos/bavina-60.jpg/,Bavina,1
https://autos.maxabout.com/cars/bentley,Bentley Cars,https://ic1.maxabout.us//autos/cars_india/company-logos/bentley-13.jpg/,Bentley,9
https://autos.maxabout.com/cars/bmw,BMW Cars,https://ic1.maxabout.us//autos/cars_india/company-logos/bmw-20.jpg/,BMW,47
https://autos.maxabout.com/cars/borgward,Borgward Cars,https://ic1.maxabout.us//autos/cars_india/company-logos//B/2015/9/borgward-logo-3.jpg/,Borgward,1
https://autos.maxabout.com/cars/brabus,Brabus Cars,https://ic1.maxabout.us//autos/cars_india/company-logos/brabus-64.jpg/,Brabus,8
https://autos.maxabout.com/cars/bufori,Bufori Cars,https://ic1.maxabout.us//autos/cars_india/company-logos/bufori-76.jpg/,Bufori,1
https://autos.maxabout.com/cars/bugatti,Bugatti Cars,https://ic1.maxabout.us//autos/cars_india/company-logos/bugatti-65.jpg/,Bugatti,4
https://autos.maxabout.com/cars/cadillac,Cadillac Cars,https://ic1.maxabout.us//autos/cars_india/company-logos/cadillac-33.jpg/,Cadillac,2
https://autos.maxabout.com/cars/caterham,Caterham Cars,https://ic1.maxabout.us//autos/cars_india/company-logos//C/2014/10/caterham-logo.jpg/,Caterham,1
https://autos.maxabout.com/cars/chevrolet,Chevrolet Cars,https://ic1.maxabout.us//autos/cars_india/company-logos/chevrolet-4.jpg/,Chevrolet,34
https://autos.maxabout.com/cars/chrysler,Chrysler Cars,https://ic1.maxabout.us//autos/cars_india/company-logos/chrysler-74.jpg/,Chrysler,1
https://autos.maxabout.com/cars/citroen,Citroen Cars,https://ic1.maxabout.us//autos/cars_india/company-logos/citroen-49.jpg/,Citroen,6
https://autos.maxabout.com/cars/conquest,Conquest Cars,https://ic1.maxabout.us//autos/cars_india/company-logos//C/2014/10/conquest-logo.jpg/,Conquest,1
https://autos.maxabout.com/cars/datsun,Datsun Cars,https://ic1.maxabout.us//autos/cars_india/company-logos/datsun-88.jpg/,Datsun,10
https://autos.maxabout.com/cars/dc,DC Cars,https://ic1.maxabout.us//autos/cars_india/company-logos//D/2014/10/dc-logo.jpg/,DC,4
https://autos.maxabout.com/cars/deronda,Deronda Cars,https://ic1.maxabout.us//autos/cars_india/company-logos//D/2014/10/deronda-logo.jpg/,Deronda,1
https://autos.maxabout.com/cars/devel,Devel Cars,https://ic1.maxabout.us//autos/cars_india/company-logos//D/2017/11/devel-motors-india.jpg/,Devel,2
https://autos.maxabout.com/cars/dodge,Dodge Cars,https://ic1.maxabout.us//autos/cars_india/company-logos//D/2017/10/dodge-india.jpg/,Dodge,4
https://autos.maxabout.com/cars/eicher-polaris,Eicher Polaris Cars,https://ic1.maxabout.us//autos/cars_india/company-logos//E/2015/6/eicher-polaris-logo.jpg/,Eicher Polaris,1
https://autos.maxabout.com/cars/ferrari,Ferrari Cars,https://ic1.maxabout.us//autos/cars_india/company-logos/ferrari-42.jpg/,Ferrari,16
https://autos.maxabout.com/cars/fiat,Fiat Cars,https://ic1.maxabout.us//autos/cars_india/company-logos/fiat-7.jpg/,Fiat,29
https://autos.maxabout.com/cars/force-motors,Force Cars,https://ic1.maxabout.us//autos/cars_india/company-logos/force-motors-31.jpg/,Force,10
https://autos.maxabout.com/cars/ford,Ford Cars,https://ic1.maxabout.us//autos/cars_india/company-logos/ford-2.jpg/,Ford,41
https://autos.maxabout.com/cars/gm-wuling,GM-Wuling Cars,https://ic1.maxabout.us//autos/cars_india/company-logos/gm-wuling-58.jpg/,GM-Wuling,7
https://autos.maxabout.com/cars/hennessey,Hennessey Cars,https://ic1.maxabout.us//autos/cars_india/company-logos//H/2017/10/hennessey-logo.jpg/,Hennessey,2
https://autos.maxabout.com/cars/hindustan-motors,Hindustan Motors Cars,https://ic1.maxabout.us//autos/cars_india/company-logos/hindustan-motors-17.jpg/,Hindustan Motors,4
https://autos.maxabout.com/cars/honda,Honda Cars,https://ic1.maxabout.us//autos/cars_india/company-logos/honda-5.jpg/,Honda,42
https://autos.maxabout.com/cars/hummer,Hummer Cars,https://ic1.maxabout.us//autos/cars_india/company-logos/hummer-36.jpg/,Hummer,2
https://autos.maxabout.com/cars/hyundai,Hyundai Cars,https://ic1.maxabout.us//autos/cars_india/company-logos//H/2018/5/hyundai-cars-india-autos-maxabout.jpg/,Hyundai,76
https://autos.maxabout.com/cars/hyundai-genesis,Hyundai Genesis Cars,https://ic1.maxabout.us//autos/cars_india/company-logos//H/2016/2/hyundai-genesis-logo.jpg/,Hyundai Genesis,2
https://autos.maxabout.com/cars/icml,ICML Cars,https://ic1.maxabout.us//autos/cars_india/company-logos/icml-27.jpg/,ICML,5
https://autos.maxabout.com/cars/infiniti,Infiniti Cars,https://ic1.maxabout.us//autos/cars_india/company-logos/infiniti-38.jpg/,Infiniti,5
https://autos.maxabout.com/cars/isuzu,Isuzu Cars,https://ic1.maxabout.us//autos/cars_india/company-logos/isuzu-44.jpg/,Isuzu,11
https://autos.maxabout.com/cars/jaguar,Jaguar Cars,https://ic1.maxabout.us//autos/cars_india/company-logos/jaguar-43.jpg/,Jaguar,18
https://autos.maxabout.com/cars/jeep,Jeep Cars,https://ic1.maxabout.us//autos/cars_india/company-logos/jeep-59.jpg/,Jeep,12
https://autos.maxabout.com/cars/kia,Kia Cars,https://ic1.maxabout.us//autos/cars_india/company-logos/kia-66.jpg/,Kia,19
https://autos.maxabout.com/cars/koenigsegg,Koenigsegg Cars,https://ic1.maxabout.us//autos/cars_india/company-logos/koenigsegg-69.jpg/,Koenigsegg,4
https://autos.maxabout.com/cars/lamborghini,Lamborghini Cars,https://ic1.maxabout.us//autos/cars_india/company-logos/lamborghini-28.jpg/,Lamborghini,15
https://autos.maxabout.com/cars/land-rover,Land Rover Cars,https://ic1.maxabout.us//autos/cars_india/company-logos/land-rover-29.jpg/,Land Rover,18
https://autos.maxabout.com/cars/lexus,Lexus Cars,https://ic1.maxabout.us//autos/cars_india/company-logos//L/2014/10/lexus-logo.jpg/,Lexus,10
https://autos.maxabout.com/cars/lorinser,Lorinser Cars,https://ic1.maxabout.us//autos/cars_india/company-logos/lorinser-56.jpg/,Lorinser,13
https://autos.maxabout.com/cars/lotus,Lotus Cars,https://ic1.maxabout.us//autos/cars_india/company-logos/lotus-40.jpg/,Lotus,5
https://autos.maxabout.com/cars/mahindra,Mahindra Cars,https://ic1.maxabout.us//autos/cars_india/company-logos/mahindra-15.jpg/,Mahindra,68
https://autos.maxabout.com/cars/mahindra-electric,Mahindra Electric Cars,https://ic1.maxabout.us//autos/cars_india/company-logos/mahindra-electric-71.jpg/,Mahindra Electric,7
https://autos.maxabout.com/cars/maini,Maini Cars,https://ic1.maxabout.us//autos/cars_india/company-logos/maini-auto-21.jpg/,Maini,1
https://autos.maxabout.com/cars/maruti,Maruti Cars,https://ic1.maxabout.us//autos/cars_india/company-logos/maruti-8.jpg/,Maruti,84
https://autos.maxabout.com/cars/maruti-nexa,Maruti NEXA Cars,https://ic1.maxabout.us//autos/cars_india/company-logos//M/2022/2/maruti-nexa.jpg/,Maruti NEXA,12
https://autos.maxabout.com/cars/maserati,Maserati Cars,https://ic1.maxabout.us//autos/cars_india/company-logos/maserati-26.jpg/,Maserati,8
https://autos.maxabout.com/cars/maybach,Maybach Cars,https://ic1.maxabout.us//autos/cars_india/company-logos/maybach-55.jpg/,Maybach,6
https://autos.maxabout.com/cars/mazda,Mazda Cars,https://ic1.maxabout.us//autos/cars_india/company-logos/mazda-72.jpg/,Mazda,3
https://autos.maxabout.com/cars/mclaren,McLaren Cars,https://ic1.maxabout.us//autos/cars_india/company-logos//M/2017/10/mclaren-logo.jpg/,McLaren,7
https://autos.maxabout.com/cars/mercedes,Mercedes Cars,https://ic1.maxabout.us//autos/cars_india/company-logos/mercedes-14.jpg/,Mercedes,44
https://autos.maxabout.com/cars/mercedes-amg,Mercedes AMG Cars,https://ic1.maxabout.us//autos/cars_india/company-logos/mercedes-amg-54.jpg/,Mercedes AMG,18
https://autos.maxabout.com/cars/mg-motor,MG Cars,https://ic1.maxabout.us//autos/cars_india/company-logos//M/2019/8/mg-logo-india.jpg/,MG,7
https://autos.maxabout.com/cars/mini,Mini Cars,https://ic1.maxabout.us//autos/cars_india/company-logos/mini-47.jpg/,Mini,8
https://autos.maxabout.com/cars/mitsubishi,Mitsubishi Cars,https://ic1.maxabout.us//autos/cars_india/company-logos/mitsubishi-18.jpg/,Mitsubishi,22
https://autos.maxabout.com/cars/nissan,Nissan Cars,https://ic1.maxabout.us//autos/cars_india/company-logos/nissan-22.jpg/,Nissan,29
https://autos.maxabout.com/cars/nostalgia,Nostalgia Cars,https://ic1.maxabout.us//autos/cars_india/company-logos/nostalgia-85.jpg/,Nostalgia,1
https://autos.maxabout.com/cars/oreva,Oreva Cars,https://ic1.maxabout.us//autos/cars_india/company-logos/oreva-48.jpg/,Oreva,1
https://autos.maxabout.com/cars/pagani,Pagani Cars,https://ic1.maxabout.us//autos/cars_india/company-logos/pagani-75.jpg/,Pagani,1
https://autos.maxabout.com/cars/peugeot,Peugeot Cars,https://ic1.maxabout.us//autos/cars_india/company-logos/peugeot-57.jpg/,Peugeot,11
https://autos.maxabout.com/cars/piaggio,Piaggio Cars,https://ic1.maxabout.us//autos/cars_india/company-logos/piaggio-70.jpg/,Piaggio,1
https://autos.maxabout.com/cars/porsche,Porsche Cars,https://ic1.maxabout.us//autos/cars_india/company-logos/porsche-9.jpg/,Porsche,18
https://autos.maxabout.com/cars/premier,Premier Cars,https://ic1.maxabout.us//autos/cars_india/company-logos/premier-23.jpg/,Premier,3
https://autos.maxabout.com/cars/proton,Proton Cars,https://ic1.maxabout.us//autos/cars_india/company-logos/proton-45.jpg/,Proton,5
https://autos.maxabout.com/cars/renault,Renault Cars,https://ic1.maxabout.us//autos/cars_india/company-logos//R/2015/9/renault-logo.jpg/,Renault,30
https://autos.maxabout.com/cars/rolls-royce,Rolls Royce Cars,https://ic1.maxabout.us//autos/cars_india/company-logos/rolls-royce-24.jpg/,Rolls Royce,7
https://autos.maxabout.com/cars/san-motors,SAN Motors Cars,https://ic1.maxabout.us//autos/cars_india/company-logos/san-motors-12.jpg/,SAN Motors,1
https://autos.maxabout.com/cars/seat,Seat Cars,https://ic1.maxabout.us//autos/cars_india/company-logos/seat-79.jpg/,Seat,5
https://autos.maxabout.com/cars/skoda,Skoda Cars,https://ic1.maxabout.us//autos/cars_india/company-logos/skoda-16.jpg/,Skoda,31
https://autos.maxabout.com/cars/smart,Smart Cars,https://ic1.maxabout.us//autos/cars_india/company-logos/smart-52.jpg/,Smart,1
https://autos.maxabout.com/cars/spyker,Spyker Cars,https://ic1.maxabout.us//autos/cars_india/company-logos/spyker-51.jpg/,Spyker,3
https://autos.maxabout.com/cars/ssangyong,Ssangyong Cars,https://ic1.maxabout.us//autos/cars_india/company-logos/ssangyong-67.jpg/,Ssangyong,7
https://autos.maxabout.com/cars/ssc,SSC Cars,https://ic1.maxabout.us//autos/cars_india/company-logos/ssc-63.jpg/,SSC,2
https://autos.maxabout.com/cars/tara,Tara Cars,https://ic1.maxabout.us//autos/cars_india/company-logos/tara-46.jpg/,Tara,2
https://autos.maxabout.com/cars/tata,Tata Cars,https://ic1.maxabout.us//autos/cars_india/company-logos/tata-11.jpg/,Tata,91
https://autos.maxabout.com/cars/tesla,Tesla Cars,https://ic1.maxabout.us//autos/cars_india/company-logos//T/2017/11/tesla-logo.jpg/,Tesla,1
https://autos.maxabout.com/cars/toyota,Toyota Cars,https://ic1.maxabout.us//autos/cars_india/company-logos/toyota-10.jpg/,Toyota,55
https://autos.maxabout.com/cars/volkswagen,Volkswagen Cars,https://ic1.maxabout.us//autos/cars_india/company-logos/volkswagen-25.jpg/,Volkswagen,41
https://autos.maxabout.com/cars/volvo,Volvo Cars,https://ic1.maxabout.us//autos/cars_india/company-logos/volvo-30.jpg/,Volvo,21
https://autos.maxabout.com/cars/wmotors,WMotors Cars,https://ic1.maxabout.us//autos/cars_india/company-logos//W/2017/10/w-motors-logo.jpg/,WMotors,2
https://autos.maxabout.com/cars/zenvo,Zenvo Cars,https://ic1.maxabout.us//autos/cars_india/company-logos/zenvo-61.jpg/,Zenvo,1
